315.1279453,65.7782551,48.54323336,21.08513389,3.363738626,0,24.60475871,6.715935012,160.4684329,161.2707751,82.06531763,337.5431368,219.1838551,89.13989153,117.289331
322.7194258,67.36286334,49.71264728,21.59307799,3.444771605,0,25.19749112,6.877722914,175.433979,176.3111489,75.30408025,391.0830732,253.9500475,99.09113375,130.3830707
352.4164088,73.5616653,54.28725769,23.58009588,3.761763133,0,27.51619092,7.510618255,178.8370907,179.7312762,73.59954179,366.971329,238.2930708,110.3510468,145.1987457
365.404861,76.27281084,56.28803698,24.44915004,3.900404466,0,28.53031149,7.78742519,199.273088,200.2694534,59.72231806,339.6856304,220.5750847,93.5841505,123.1370401
351.3597454,73.34110259,54.12448616,23.50939479,3.750484097,0,27.43368808,7.488098885,190.7480192,191.7017593,59.43754793,296.5486975,192.5640893,81.2118559,106.8577051
355.3480491,74.17360145,54.73885616,23.77625121,3.793056046,0,27.74508937,7.573096704,182.0669961,182.9773311,65.21601319,252.7235403,164.106195,73.59487581,96.83536291
300.5704096,62.73958681,46.30074785,20.11109273,3.208348583,0,23.46812625,6.405688127,161.4628887,162.2702032,65.9879154,222.5990442,144.5448339,57.9555193,76.25726224
257.3693071,53.72200145,39.64592325,17.2205175,2.747211386,0,20.09504328,5.484996066,146.7985225,147.5325151,51.7026794,205.3269655,133.3291984,49.07195076,64.56835627
291.3663322,60.81837303,44.88292476,19.49525016,3.110102422,0,22.74948448,6.209532925,145.0923693,145.8178312,50.65307737,170.032195,110.4105163,48.74383721,64.13662791
282.5759577,58.98351354,43.52882967,18.90708834,3.016272209,0,22.06314407,6.022194464,112.0046282,112.5646513,43.04792048,131.9135138,85.65812586,35.56806392,46.80008411
270.5253187,56.46812251,41.67251387,18.10078303,2.887641281,0,21.12224666,5.765373989,93.43138217,93.89853908,36.0992664,114.444868,74.31484937,28.94116487,38.0804801
244.9783536,51.13557485,37.73718441,16.39144183,2.614947873,0,19.12757459,5.220922886,97.26098657,97.7472915,33.09855581,153.3982943,99.609282,36.80690461,48.43013765
203.1995576,42.41487477,31.30145609,13.59603279,2.168992661,0,15.86554338,4.330542701,62.75108457,63.06483999,35.31763316,135.0554645,87.69835355,21.77101936,28.64607811
190.0740704,39.67512522,29.27956753,12.71780965,2.028888589,0,14.8407233,4.050815306,66.05325936,66.38352566,27.17820167,96.73829959,62.81707766,19.17489016,25.23011864
195.5035149,40.80844072,30.11593509,13.08109245,2.086843564,0,15.26464689,4.166526391,59.90737437,60.20691124,18.12551558,68.87461824,44.72377808,13.34427803,17.55826056
189.4577375,39.54647493,29.18462581,12.67657097,2.022309729,0,14.79260087,4.03768016,37.35272705,37.53949068,15.29213459,28.52015374,18.51958035,10.81245468,14.22691405
198.8462602,41.50618891,30.63086138,13.30475472,2.122524695,0,15.52564387,4.237766217,17.93632194,18.02600355,10.11857585,41.90484874,27.21094074,9.009601556,11.85473889
204.849823,42.75934303,31.55566781,13.70645164,2.186607923,0,15.99439384,4.36571278,21.18980259,21.2957516,12.75529192,36.93028227,23.98070277,11.09878349,14.60366249
218.4364233,45.59534306,33.64858759,14.61552775,2.331634009,0,17.055217,4.655267312,23.95111532,24.07087089,5.86859688,31.32897546,20.34349056,14.12408587,18.58432352
204.4984678,42.68600288,31.50154402,13.68294255,2.182857488,0,15.96696051,4.358224778,45.43720007,45.66438607,3.612086618,77.50852208,50.33020914,16.12267272,21.21404306
176.8622057,36.91734566,27.24437312,11.833807,1.887862507,0,13.80915898,3.769247054,30.04216254,30.19237335,3.810038333,58.18203066,37.78053939,12.15207774,15.98957597
128.1706098,26.75370178,19.74377682,8.575864214,1.368118688,0,10.00738581,2.731542851,50.9043038,51.15882531,0,81.6284174,53.00546585,22.89688346,30.12747824
109.6377596,22.88524591,16.8889222,7.33583573,1.170295343,0,8.560366231,2.336574967,54.98556377,55.26049158,3.22971795,84.85165001,55.09847403,28.36023305,37.31609612
86.26971633,18.00751565,13.28924024,5.772285658,0.920860182,0,6.73582139,1.83856055,53.43798281,53.70517272,1.566239085,80.58949668,52.330842,23.00582792,30.27082622
137.8961997,28.7837735,21.24193522,9.226601056,1.471931576,0,10.76674656,2.938812407,712.038474,715.5986664,356.7791176,1104.913203,717.4761057,273.6,360
141.2701188,29.48802876,21.76166363,9.452349163,1.507945463,0,11.03017755,3.010716604,693.9217188,697.3913274,356.9630099,953.4622725,619.1313458,163.1893481,214.7228265
144.1972129,30.09901596,22.21256178,9.648200311,1.53918985,0,11.25872105,3.073098165,354.6479845,356.4212244,333.5156107,975.6701068,633.5520174,213.2606346,280.6060982
160.2842153,33.45693759,24.69065083,10.72457771,1.710905726,0,12.51477218,3.415940697,673.8395693,677.2087671,315.1780128,947.2950527,615.1266576,237.4891463,312.4857188
195.1222848,40.72886462,30.05720928,13.05558444,2.082774238,0,15.23488097,4.158401701,146.9438767,147.6785961,42.08844067,681.1466927,442.3030472,96.84384126,127.4261069
269.6004946,56.27507929,41.53005127,18.03890328,2.877769525,0,21.05003767,5.74566435,213.6487412,214.7169849,64.82938885,365.198706,237.1420169,108.9565641,143.3639002
264.5321472,55.21713741,40.74930815,17.69978139,2.823668972,0,20.65430804,5.637648883,190.7726955,191.726559,162.3672438,251.1258565,163.068738,64.00585091,84.21822488
213.6155182,44.58905108,32.90596123,14.29296217,2.280174705,0,16.67880733,4.552525281,314.1960025,315.7669825,140.6395054,298.580491,193.8834357,103.058462,135.6032395
179.951014,37.5620883,27.72018222,12.04047842,1.920833064,0,14.05032891,3.835075034,205.7619953,206.7908053,201.9623351,296.0607578,192.2472453,84.83561897,111.6258144
219.93017,45.90714038,33.87868871,14.71547398,2.347578559,0,17.17184669,4.687101701,202.7486086,203.7623516,178.680675,324.1980543,210.5182171,91.41255898,120.2796829
329.7803014,68.83671574,50.80032529,22.06551946,3.520140801,0,25.74879463,7.028202688,152.9992747,153.7642711,89.16183115,299.5253084,194.4969535,64.32460786,84.63764192
404.7423553,84.48392563,62.34770002,27.08121218,4.320300736,0,31.60172921,8.625776911,71.46885393,71.8261982,83.97281885,95.88233142,62.26125417,19.59934631,25.78861357
442.2061717,92.30393813,68.11873623,29.58790699,4.720196995,0,34.52685272,9.424197235,42.51175227,42.72431103,40.61447024,87.38466722,56.74329041,17.79910039,23.41986894
457.7495802,95.54839266,70.51308848,30.62791266,4.886110441,0,35.74046079,9.755454817,14.70431507,14.77783664,11.90651357,44.46174909,28.87126565,14.85937742,19.5518124
430.0295384,89.76224767,66.2430119,28.77317143,4.590221179,0,33.57611786,9.164691598,26.2445864,26.37580933,0,100.2596129,65.10364475,32.0184077,42.12948382
407.1427413,84.98497038,62.71746252,27.24182142,4.345922936,0,31.78914806,8.676933391,162.087543,162.8979807,6.100337723,840.4862794,545.7703113,209.9016618,276.1863971
415.1667588,86.65986428,63.95350573,27.77870648,4.431572901,0,32.41565237,8.847939425,305.8377242,307.3669128,106.5521479,369.2163277,239.7508621,47.22618971,62.1397233
397.1171032,82.89226807,61.17308381,26.57100843,4.238907272,0,31.00635996,8.463269274,39.60466682,39.80269015,112.5031757,39.3942482,25.58068065,0.304259018,0.400340813
326.995438,68.25541707,50.37133676,21.87918493,3.490414613,0,25.5313563,6.968852314,0,0,45.11272788,0,0,0,0
299.3091679,62.47632142,46.10646247,20.02670335,3.194885836,0,23.36965022,6.378808829,0,0,22.07154125,0,0,0,0
296.5262529,61.89542944,45.67777407,19.84049919,3.165180446,0,23.15236402,6.319499978,2.11482675,2.125400884,39.77290571,1.119493406,0.72694377,0,0
373.8289429,78.03121219,57.58570727,25.0128033,3.990324798,0,29.18805227,7.966957305,7.50088872,7.538393164,22.29682804,17.87300486,11.60584731,4.101466327,5.39666622
339.0869927,70.77934864,52.23395532,22.6882279,3.619482283,0,26.47544835,7.226544774,27.45471596,27.59198953,7.903163723,152.3511702,98.92933133,49.66773698,65.3522855
331.4597922,69.18728438,51.05903898,22.17789378,3.538068022,0,25.87992697,7.063995615,72.19823243,72.55922359,8.163886523,148.9898186,96.74663544,38.68609264,50.90275348
202.0714541,42.17940001,31.12767972,13.52055166,2.156951059,0,15.7774626,4.306500816,517.0099928,519.5950427,328.5000302,913.0526933,592.8913593,204.5084502,269.090066
213.0608836,44.47327938,32.82052368,14.2558517,2.274254424,0,16.63550221,4.540705034,487.4351837,489.8723596,340.9012557,908.1890253,589.7331333,232.1552136,305.4673863
244.7250661,51.08270487,37.69816726,16.37449443,2.612244232,0,19.10779825,5.215524881,674.6012307,677.9742369,354.989934,1024.374793,665.1784373,228.628058,300.8263921
278.9052376,58.21730551,42.96338117,18.66148136,2.977090209,0,21.77653927,5.943964913,664.5942734,667.9172447,357.8446197,1063.448106,690.5507184,204.7417663,269.397061
287.6735306,60.04755581,44.31407476,19.2481657,3.070684721,0,22.46115559,6.130832778,697.8945209,701.3839935,360,667.8937391,433.6972332,72.56988787,95.48669457
276.9276469,57.80451296,42.6587473,18.52916124,2.955981011,0,21.62213169,5.90181895,352.7494097,354.5131567,229.2003821,296.9328435,192.8135347,61.41203334,80.80530703
261.0673043,54.49390318,40.21557359,17.4679496,2.786684547,0,20.38377785,5.563806941,133.5286689,134.1963122,95.17323017,305.7331073,198.5279918,115.5987763,152.103653
202.8663872,42.34533041,31.25013354,13.57374044,2.165436333,0,15.83952988,4.323442248,201.5429234,202.5506381,348.6210395,635.6659902,412.7701235,172.5897526,227.0917798
197.6921785,41.26529158,30.45308326,13.2275354,2.110205797,0,15.43553476,4.213170691,457.3496817,459.6364301,285.499456,978.354337,635.295024,268.7457459,353.6128235
201.9383158,42.15160937,31.10717071,13.51164341,2.155529915,0,15.76706735,4.303663403,420.5633354,422.6661521,283.8427306,627.9286789,407.7458954,194.6137064,256.0706663
251.4086083,52.47779456,38.72771972,16.82168861,2.683585697,0,19.62964008,5.357963012,641.5191653,644.7267611,360,1016.000312,659.7404622,237.2628261,312.1879291
335.1422026,69.95593257,51.62628827,22.42428295,3.577374805,0,26.16744453,7.142474305,644.0830137,647.3034288,357.3198509,1034.630979,671.8382978,229.1566764,301.5219427
370.3329262,77.30147088,57.04717059,24.77888568,3.953007617,0,28.91508807,7.892450993,696.1697532,699.650602,359.9102212,978.2711298,635.2409934,205.5323211,270.4372646
384.9196873,80.34623955,59.29415808,25.75488231,4.108709619,0,30.05400242,8.203320724,615.1779842,618.2538741,357.9305362,922.6010587,599.0915966,222.9077277,293.2996417
394.10558,82.26365754,60.70917994,26.36950814,4.206761672,0,30.77122435,8.399088377,536.0578394,538.7381285,329.6012807,732.8651985,475.8864926,151.5341415,199.3870282
376.3228504,78.55177816,57.9698761,25.17967005,4.016945265,0,29.38277316,8.020106894,452.6976587,454.9611469,311.0784602,501.9871562,325.9656859,124.3380368,163.60268
286.7928695,59.86373095,44.17841515,19.18924089,3.061284368,0,22.39239478,6.112064329,325.6298947,327.2580442,313.448031,489.4513412,317.8255463,69.78770671,91.82592988
210.1376862,43.86310557,32.37022579,14.06026129,2.243051632,0,16.40726297,4.478406518,337.4683285,339.1556701,245.955863,422.8073513,274.5502281,80.47442394,105.8873999
160.7096083,33.54573205,24.75617963,10.75304066,1.715446457,0,12.54798629,3.425006577,321.7939711,323.4029409,264.7808933,403.4820826,262.0013523,90.92152205,119.6335816
200.7095468,41.89512218,30.91788752,13.42942678,2.142413789,0,15.67112674,4.277476158,301.1343098,302.6399813,271.9224358,542.4207919,352.2212934,126.3884448,166.3005853
202.9066534,42.35373538,31.25633626,13.57643464,2.165866143,0,15.84267382,4.324300392,551.3896467,554.1465949,331.4535498,889.3737038,577.5153921,227.1316189,298.8573932
202.0136526,42.1673348,31.11877581,13.51668418,2.156334075,0,15.77294954,4.305268964,616.375494,619.4573715,342.8866697,996.1148015,646.8277932,251.3800261,330.7631922
276.30417,57.67437147,42.56270509,18.48744456,2.949325894,0,21.57345147,5.888531552,680.5169393,683.9195239,356.7526389,1097.653191,712.7618121,271.7015565,357.502048
355.8468306,74.27771464,54.81568992,23.80962456,3.79838014,0,27.78403355,7.583726622,689.7623634,693.2111752,358.655398,1108.8,720,273.6,360
251.2144213,52.4372609,38.69780658,16.8086956,2.681512905,0,19.61447822,5.353824541,306.6848516,308.2182759,84.63302852,256.3599239,166.467483,58.1826303,76.5560925
225.2557016,47.01876563,34.69904924,15.071804,2.404424348,0,17.58765692,4.80059822,224.6985197,225.8220123,104.7715473,238.5290078,154.8889661,39.28247409,51.68746591
219.7171487,45.86267537,33.84587429,14.70122078,2.345304727,0,17.15521429,4.682561841,263.9944697,265.314442,204.1091967,249.8217594,162.2219217,79.2707674,104.3036413
222.2175508,46.38459699,34.23104356,14.86852207,2.371994519,0,17.35044226,4.73584984,263.6763382,264.9947199,226.3352252,436.6601343,283.5455418,92.99801445,122.3658085
224.1698127,46.79210253,34.53177572,14.99914744,2.392833353,0,17.5028722,4.777456003,357.080276,358.8656774,188.6210918,534.5227506,347.0926952,99.56031818,131.0004187
214.0168814,44.67282967,32.9677884,14.31981729,2.284458936,0,16.71014522,4.561079043,322.6535654,324.2668332,225.3987693,421.6274531,273.7840605,122.3315947,160.9626245
172.0419501,35.91118924,26.5018468,11.51128488,1.836410135,0,13.43280002,3.666518864,446.7956829,449.0296613,219.3100905,431.9310248,280.4746914,83.53820057,109.918685
129.2409118,26.97711134,19.90864928,8.647477857,1.379543305,0,10.09095353,2.754352883,330.6384373,332.2916294,118.1475628,436.0605692,283.1562138,56.02813753,73.7212336
142.7807514,29.80335075,21.99436589,9.553425216,1.524070256,0,11.14812567,3.04291086,166.8853498,167.7197765,126.8140268,346.9518548,225.2934122,47.0863093,61.95567013
136.7538082,28.54531632,21.06595788,9.15016392,1.459737461,0,10.6775502,2.91446602,109.2503643,109.7966161,92.60680676,235.969059,153.2266617,53.22136009,70.02810538
148.3628178,30.9685238,22.85424378,9.926919918,1.583654348,0,11.58396578,3.161874588,83.99510267,84.41507818,90.09751439,162.8822553,105.7676983,46.11846807,60.68219483
175.8717867,36.71061047,27.09180607,11.76753831,1.877290576,0,13.73182842,3.748139469,169.6578312,170.5061203,134.1292262,140.2073659,91.04374409,26.37765541,34.70744133
196.0938696,40.93166845,30.20687505,13.12059294,2.093145128,0,15.31074098,4.179107895,142.6376009,143.3507889,105.0995278,173.1312039,112.4228597,46.59969993,61.31539465
201.2050811,41.99855756,30.99422107,13.46258285,2.14770322,0,15.70981738,4.28803687,156.4163017,157.1983832,62.96270013,144.9158886,94.10122634,41.23931594,54.26225782
202.3948828,42.24691091,31.17750162,13.54219219,2.160403401,0,15.80271547,4.313393653,101.0059726,101.5110025,46.59500779,120.7037378,78.37905051,30.84387288,40.58404326
180.0867502,37.59042119,27.74109141,12.04956049,1.922281938,0,14.060927,3.837967811,93.69188906,94.1603485,36.45133853,100.2921868,65.12479664,21.67456874,28.5191694
155.617231,32.4827743,23.97173489,10.41231094,1.661089404,0,12.15038044,3.316478992,41.51594192,41.72352162,51.68423117,110.03113,71.44878569,24.63786671,32.41824568
142.1468832,29.67104023,21.89672298,9.511013252,1.517304221,0,11.09863411,3.029402006,109.4544804,110.0017528,65.46617746,76.5289085,49.69409643,29.28853186,38.53754192
128.0082461,26.71981076,19.71876583,8.565000493,1.366385584,0,9.994708672,2.728082591,66.11466051,66.44523381,33.43558073,70.87537854,46.02297308,25.9038375,34.08399671
161.047325,33.61622536,24.80820249,10.7756372,1.719051311,0,12.57435474,3.432203917,88.14368606,88.58440449,41.62079752,172.3267939,111.9005155,39.16612588,51.53437616
189.4778706,39.55067742,29.18772717,12.67791807,2.022524634,0,14.79417284,4.038109233,158.2825184,159.073931,59.26944852,257.3730779,167.1253753,66.99927965,88.1569469
213.6759175,44.60165854,32.91526531,14.29700348,2.280819419,0,16.68352322,4.553812498,279.3830109,280.7799259,71.18911028,431.4050504,280.1331496,108.05373,142.1759606
231.5560654,48.33387253,35.66957575,15.4933598,2.471675689,0,18.0795807,4.934870137,275.1315809,276.5072388,86.85108662,531.4082107,345.0702667,134.2262981,176.6135502
179.1664723,37.39832692,27.59932911,11.98798492,1.912458709,0,13.98907297,3.818355059,308.2038832,309.7449026,110.0524735,583.7187478,379.0381479,137.3228617,180.6879759
446.3308609,93.16490545,68.75411546,29.86388894,4.764224751,0,34.84890281,9.512101673,337.2497177,338.9359663,105.9289312,521.3563084,338.5430574,149.5273813,196.7465544
475.7511761,99.30595713,73.28610714,31.83239505,5.078263072,0,37.14600076,10.13910073,281.119194,282.52479,92.89649606,480.9835413,312.3269749,125.1952008,164.7305274
452.1843996,94.38674427,69.65581173,30.25554778,4.826706592,0,35.3059391,9.636850955,256.0611391,257.3414448,61.50568129,365.065965,237.0558214,109.0236872,143.45222
463.3134618,96.70976991,71.37016514,31.00019062,4.945500425,0,36.17488105,9.874030996,207.9009819,208.9404868,62.79463827,163.2346783,105.9965444,97.08746395,127.7466631
470.0931234,98.12492308,72.41452411,31.45381613,5.017867887,0,36.70422775,10.0185176,122.3462606,122.9579919,71.58153893,49.84462971,32.36664267,25.56625521,33.63980949
449.2079469,93.76545421,69.19731023,30.05639406,4.794935342,0,35.07354175,9.573417474,293.6980247,295.1665149,78.0406952,459.2222749,298.1962824,241.1751725,317.3357534
444.6689054,92.81799703,68.49810295,29.7526879,4.746484706,0,34.7191396,9.476682454,275.4944944,276.8719669,117.842145,734.3193689,476.8307591,244.6292691,321.8806172
434.8614842,90.77084424,66.98733901,29.09647574,4.641798333,0,33.95338957,9.267668927,523.1584742,525.7742665,272.6649999,727.7301004,472.5520133,248.1214278,326.475563
420.8761184,87.85160788,64.83299224,28.16071834,4.492515746,0,32.86143136,8.969615997,544.1654921,546.8863195,237.3665715,658.9079947,427.8623342,240.2220451,316.0816382
411.6928236,85.93473215,63.41837055,27.54626632,4.394491423,0,32.14441226,8.773903709,560.3424741,563.1441865,290.9179901,712.0457093,462.3673437,233.7462381,307.5608396
389.5697857,81.31687819,60.01047288,26.06601925,4.158345698,0,30.41707574,8.302422562,541.9418765,544.6515858,286.8307115,778.0543141,505.2300741,198.5745523,261.2823057
327.978713,68.46066105,50.52280332,21.94497562,3.500910287,0,25.60812907,6.989807647,501.6971543,504.20564,278.1881404,695.932661,451.9043253,199.4013105,262.3701454
394.5374676,82.35380764,60.77570918,26.39840564,4.211371727,0,30.80494554,8.408292668,567.0521163,569.8873769,268.9301635,767.4244578,498.32757,190.7010176,250.9223915
442.8283497,92.4338085,68.21457835,29.62953677,4.726838247,0,34.57543153,9.43745695,592.3843574,595.3462791,249.7016216,872.0776511,566.2841891,163.8585889,215.6034064
491.5296873,102.5994858,75.71667531,32.88813138,5.246686052,0,38.37796532,10.47536877,607.3709967,610.4078517,245.0710773,795.3877736,516.4855673,156.0824444,205.3716373
461.7502235,96.38346723,71.12935931,30.89559472,4.928814107,0,36.05282554,9.840715616,623.6955644,626.8140422,214.2137861,863.0406879,560.4160311,134.1398177,176.4997601
405.5554731,84.65365183,62.47295507,27.13561769,4.328980118,0,31.66521633,8.643105892,616.9435214,620.028239,162.9029345,929.3751794,603.4903763,131.7885791,173.4060252
335.0382897,69.93424233,51.61028124,22.41733017,3.576265619,0,26.15933116,7.140259738,591.7594244,594.7182215,149.0771985,833.0145828,540.9185603,158.8174959,208.9703894
346.9889127,72.4287565,53.45119026,23.21694344,3.703828955,0,27.09241945,7.394948694,597.4284555,600.4155978,160.2791333,788.6220458,512.0922375,108.2920363,142.4895215
362.7752174,75.72391198,55.88295896,24.27320123,3.872335124,0,28.32499251,7.731382824,577.2296192,580.1157672,182.800355,790.5344153,513.3340359,104.509647,137.5126934
416.8631355,87.01395759,64.21482057,27.89221063,4.449680365,0,32.54810314,8.884092218,550.3580906,553.109881,184.0685463,787.4553657,511.3346531,122.9106613,161.7245543
397.2729724,82.92480344,61.19709437,26.5814376,4.240571051,0,31.01853001,8.466591124,566.1187934,568.9493873,218.3346462,745.781029,484.2733955,146.4821875,192.7397203
439.4830065,91.73551805,67.69925188,29.40570068,4.691129386,0,34.31423171,9.366161759,616.9126226,619.9971857,218.7269139,830.1777512,539.0764619,131.1089747,172.5118089
403.4583826,84.2159155,62.1499131,26.99530188,4.306595355,0,31.50147838,8.598413177,543.5532617,546.271028,247.5337316,719.9210819,467.481222,191.5387997,252.0247365
233.4752052,48.73446431,35.96520568,15.62176898,2.49216097,0,18.22942451,4.975770407,131.6871178,132.3455534,60.02484977,167.1136439,108.5153532,43.43233188,57.1478051
227.238488,47.43264269,35.00448347,15.20447176,2.425589005,0,17.74247017,4.842854911,202.7622986,203.7761101,148.9722276,153.9516958,99.96863364,34.68397973,45.63681543
259.5508267,54.17736111,39.98197093,17.36648245,2.770497362,0,20.26537335,5.531488115,55.9923953,56.27235727,48.93249393,55.83342414,36.25547022,10.29257632,13.54286358
288.2716788,60.17241031,44.40621526,19.28818765,3.077069473,0,22.50785818,6.143580375,122.3159623,122.9275421,139.6118867,338.4473751,219.7710228,57.39658879,75.52182735
316.723007,66.11120042,48.78894134,21.19185908,3.380764633,0,24.72929895,6.749928603,234.8732328,236.047599,125.4272282,435.1998178,282.5972843,105.1180106,138.3131719
314.4401724,65.63469276,48.4372868,21.03911517,3.3563972,0,24.55105835,6.701277352,460.4074002,462.7094372,195.2665544,828.331207,537.8774072,197.4963927,259.8636746
238.0694504,49.69344443,36.67291669,15.92916881,2.541200861,0,18.58813689,5.073681915,589.8237705,592.7728894,293.260889,940.6079714,610.784397,240.6868509,316.6932249
130.6820526,27.27792798,20.13064684,8.743904238,1.39492633,0,10.20347583,2.785066148,620.874095,623.9784654,331.4795351,914.5274174,593.8489724,222.5713623,292.8570557
124.0342304,25.89029431,19.1065968,8.299100077,1.323966148,0,9.684422969,2.643389275,611.7378903,614.7965798,348.1206464,980.6913325,636.8125536,229.431871,301.8840408
152.1179671,31.75235517,23.432698,10.17817604,1.623737562,0,11.87716269,3.241903475,609.6502305,612.6984817,353.7662029,971.670494,630.9548663,212.282491,279.3190671
210.6501063,43.97006561,32.44916047,14.09454719,2.248521306,0,16.44727202,4.489327098,525.6631422,528.2914579,356.8856549,898.7302773,583.5910892,173.391152,228.1462526
219.5047769,45.81834593,33.81315991,14.68701103,2.343037828,0,17.13863259,4.678035821,462.2815134,464.592921,360,1101.78518,715.4449223,253.3045295,333.2954336
228.4276403,47.68086048,35.18766397,15.28403764,2.438282254,0,17.83531755,4.868197853,715.7886314,719.3675745,360,1090.314466,707.9964066,254.0381699,334.2607499
212.4503958,44.34584917,32.72648235,14.21500412,2.267737956,0,16.58783616,4.527694457,596.9613218,599.9461284,355.3738547,1056.270574,685.8899834,202.2658625,266.1392927
208.5815919,43.53829409,32.13052044,13.95614339,2.22644157,0,16.28576525,4.445243389,491.4117621,493.8688209,342.9138137,1035.69641,672.5301363,230.2626082,302.977116
209.8493282,43.80291513,32.32580626,14.04096732,2.239973641,0,16.38474836,4.472261097,621.4758971,624.5832765,357.3709202,1050.82274,682.3524285,226.2082206,297.6423955
207.698333,43.35392698,31.99446065,13.89704475,2.217013488,0,16.2168016,4.426419576,650.0490188,653.2992638,359.1940498,944.3465297,613.2120323,208.3057938,274.0865708
201.4596674,42.05169867,31.03343831,13.47961717,2.150420726,0,15.72969513,4.293462558,584.2391108,587.1603063,346.4702726,788.3656843,511.925769,163.8980212,215.6552911
188.6504649,39.37796881,29.06027116,12.62255655,2.01369274,0,14.72957013,4.020475749,586.1038257,589.0343448,335.651636,918.7353439,596.5813922,206.4707061,271.6719818
246.3006441,51.41158326,37.94087393,16.47991597,2.629062267,0,19.23081723,5.249103241,431.4180851,433.5751755,274.5744539,628.170633,407.9030085,135.5216455,178.3179545
233.4674117,48.73283754,35.96400515,15.62124752,2.492077781,0,18.228816,4.975604314,432.6453781,434.808605,208.4715843,628.0436088,407.8205252,134.187192,176.5620947
272.580844,56.89718274,41.98915303,18.23831773,2.909582369,0,21.28273927,5.809180877,456.6366864,458.9198698,329.8568202,814.4736651,528.8790033,168.1374865,221.2335348
253.7524917,52.96704523,39.0887784,16.97851727,2.708604776,0,19.81264729,5.407915321,609.6555518,612.7038295,297.0646691,912.9136408,592.8010655,195.6253138,257.4017287
196.5023768,41.01693824,30.26980271,13.14792606,2.097505616,0,15.34263667,4.187813908,602.5952052,605.6081812,290.1805115,796.4668848,517.1862888,188.5938338,248.1497813
166.6651114,34.78885443,25.6735828,11.15152192,1.779016686,0,13.01298382,3.551928903,99.30065634,99.79715962,35.71192861,146.0604288,94.84443428,40.40363745,53.16268086
140.6057263,29.34934673,21.65931865,9.407894819,1.500853604,0,10.97830269,2.996557221,60.871194,61.17554997,27.83424049,110.7282351,71.90145135,47.05538964,61.91498637
138.5105842,28.91201709,21.33657681,9.267709373,1.478489639,0,10.81471686,2.95190603,93.65527152,94.12354788,23.69591118,142.0317536,92.22841143,49.85785775,65.60244441
134.3722564,28.04820293,20.69909666,8.990814872,1.434316302,0,10.49160189,2.86371093,115.1352275,115.7109036,25.30649723,193.584854,125.7044506,59.23188428,77.93668985
190.1240784,39.68556365,29.28727092,12.72115567,2.029422385,0,14.84462786,4.051881066,109.1312742,109.6769306,11.45701289,247.4605421,160.6886637,70.87667841,93.25878739
221.4174221,46.21758207,34.10778939,14.81498566,2.363453785,0,17.28796931,4.71879768,115.1564383,115.7322205,7.448786798,266.9038139,173.3141649,80.42467689,105.8219433
222.9865056,46.54510483,34.34949562,14.91997265,2.380202496,0,17.4104812,4.75223763,116.6964233,117.2799054,8.353583078,334.9318033,217.488184,92.78606973,122.0869339
167.6243566,34.98908254,25.82134774,11.21570478,1.78925586,0,13.08788037,3.572372118,148.9974725,149.7424599,13.48177761,346.6278173,225.0829983,93.04889488,122.4327564
134.5307235,28.08128056,20.72350739,9.001417863,1.436007811,0,10.50397478,2.867088144,149.2398691,149.9860685,12.83090607,302.2549092,196.2694216,91.83401042,120.8342242
125.6338383,26.22418858,19.35300509,8.406129448,1.341040682,0,9.809318162,2.677479753,134.8128355,135.4868996,13.33489313,313.5424233,203.5989761,92.56024704,121.7897987
121.9715611,25.45974287,18.78885716,8.161087375,1.301948803,0,9.52337257,2.599430135,123.3969354,124.0139201,17.96726525,312.4385942,202.882204,106.4508822,140.0669503
132.8518821,27.73084748,20.46489373,8.889086996,1.418087523,0,10.37289314,2.831309058,142.9996347,143.7146329,25.0098449,342.4996277,222.4023557,79.83942146,105.0518703
132.5239072,27.66238764,20.41437153,8.867142281,1.414586654,0,10.34728532,2.824319334,247.6979256,248.9364152,37.49062478,362.0950378,235.1266479,121.7741196,160.2291048
132.2829594,27.61209337,20.37725522,8.85102052,1.412014729,0,10.32847244,2.819184308,276.4588451,277.8411394,76.91661358,393.3592661,255.4280949,87.72553783,115.4283392
121.0662207,25.27076658,18.64939587,8.100511271,1.292285019,0,9.452684832,2.580135727,161.0707283,161.876082,61.6729331,278.7824171,181.0275435,59.93643151,78.86372567
101.2123788,21.12657343,15.59105182,6.77209556,1.080361146,0,7.90252403,2.157015171,163.6425269,164.4607395,55.45449972,449.9840681,292.1974468,99.70010891,131.1843538
120.1634781,25.08233254,18.51033476,8.040108986,1.282648965,0,9.382199928,2.560896683,239.9549675,241.1547423,75.49210847,293.6059907,190.6532407,90.14792747,118.615694
118.6567423,24.76782394,18.27823276,7.939293662,1.266565766,0,9.264556059,2.528785473,172.4375439,173.2997316,106.0785663,467.2490257,303.4084582,143.7383297,189.1293812
148.3777552,30.97164178,22.8565448,9.92791938,1.583813794,0,11.58513207,3.162192932,217.8180313,218.9071215,99.64464426,525.1882513,341.031332,161.9783286,213.1293798
162.2423223,33.86566322,24.99228339,10.85559418,1.731806952,0,12.6676585,3.457671429,199.879911,200.8793105,69.47572052,461.7880726,299.8623848,136.9309356,180.1722836
192.6660456,40.21616136,29.678843,12.89123808,2.056555851,0,15.04310118,4.106054892,247.4659038,248.7032333,70.62114179,544.7862059,353.7572765,169.3948202,222.8879213
224.2302121,46.80470999,34.54107981,15.00318875,2.393478067,0,17.5075881,4.778743219,266.8676519,268.2019902,94.06541347,445.1736022,289.0737677,118.7966114,156.3113308
219.8554826,45.89155052,33.86718366,14.71047667,2.346781332,0,17.16601521,4.685509982,214.1237498,215.1943685,110.9165955,328.8207265,213.5199523,149.2685434,196.4059782
195.7067943,40.85087227,30.14724885,13.09469383,2.08901341,0,15.28051868,4.170858636,262.6255131,263.9386407,120.477705,487.6235003,316.6386366,137.8284207,181.3531852
84.62269824,17.66372521,13.03552874,5.66208408,0.903279582,0,6.607224472,1.803459675,414.6249247,416.6980493,181.1792707,551.77796,358.2973766,64.01917034,84.23575045
89.24227224,18.62799233,13.74714147,5.971178648,0.952589837,0,6.967914487,1.901910984,250.2011776,251.4521835,210.771761,391.5574645,254.2580938,81.47106886,107.1987748
79.22637597,16.53732348,12.20426342,5.301017474,0.84567816,0,6.185887013,1.688454484,148.1721354,148.912996,199.4869566,71.14237238,46.1963457,0,0
78.61199146,16.40907988,12.10962183,5.259909157,0.839120097,0,6.137916712,1.675360861,0,0,197.7489066,0,0,1.645928728,2.165695695
80.34149034,16.77008696,12.37603891,5.375629505,0.857581114,0,6.272953618,1.712219547,17.38333494,17.47025161,80.52071393,0,0,0,0
88.60970299,18.49595294,13.64969865,5.928853594,0.945837667,0,6.918524346,1.888429812,33.69639339,33.86487536,90.11331797,12.34168904,8.014083795,0,0
93.63193913,19.54426978,14.42333864,6.264890189,0.999446019,0,7.310653672,1.995462566,84.74161505,85.16532312,163.73178,109.7448875,71.26291395,14.20146653,18.68614018
83.92128675,17.51731603,12.92748126,5.615152809,0.895792576,0,6.552459223,1.788511353,96.38754129,96.869479,95.32623411,133.4601929,86.66246295,24.41966793,32.13114201
57.47807364,11.99768998,8.854091119,3.845843875,0.613532438,0,4.487809331,1.224959617,114.1411364,114.7118421,41.93239509,220.4436135,143.1452036,27.76706832,36.53561621
43.45049333,9.069641957,6.693241488,2.907261901,0.463799244,0,3.392555057,0.92600702,144.2212629,144.9423692,91.21283055,151.5564589,98.41328501,16.00125378,21.05428129
50.24119567,10.48709971,7.739301201,3.361626137,0.536284557,0,3.922763802,1.070728922,81.96292161,82.37273622,96.13337517,52.64628062,34.18589651,16.9876839,22.35221566
48.66626709,10.15835688,7.496694582,3.25624805,0.519473455,0,3.799795535,1.037164402,67.31384396,67.65041317,54.70645309,81.11745374,52.67367126,7.873857963,10.36033943
46.38992703,9.683204869,7.14604048,3.103938693,0.495175346,0,3.622062018,0.988651561,32.10197567,32.26248554,35.76341628,48.17211593,31.28059476,8.062821393,10.60897552
45.11699507,9.417499322,6.949954305,3.018767126,0.481587816,0,3.522673232,0.961523125,35.27821809,35.45460918,30.13305188,14.30719671,9.290387475,0,0
51.85249373,10.82343413,7.987510282,3.469437696,0.553483874,0,4.04857175,1.105068539,20.97273542,21.07759909,21.51987926,0,0,0.571406264,0.751850348
57.15204719,11.92963682,8.803869048,3.824029525,0.610052366,0,4.462353632,1.218011416,11.09604186,11.15152207,16.78441106,2.9633294,1.92423987,0,0
70.04438002,14.62071887,10.78984183,4.686652367,0.747667702,0,5.468969336,1.492769877,14.466438,14.53877019,12.96820431,21.36670102,13.87448118,3.063120247,4.030421378
103.430268,21.58952467,15.93270197,6.920493978,1.104035337,0,8.075693777,2.204282318,30.80554875,30.95957649,33.75234158,41.72363922,27.09327222,18.93583367,24.91557062
159.6146271,33.31717105,24.5875055,10.67977573,1.703758408,0,12.46249165,3.401670586,63.71857881,64.0371717,72.7526772,78.26797454,50.82336009,21.74131057,28.6069876
211.5138816,44.1503658,32.58221895,14.15234218,2.257741416,0,16.51471441,4.507735679,76.77629114,77.16017259,67.59511112,129.2660789,83.93901228,29.01918154,38.1831336
240.4659397,50.1936758,37.04207893,16.08951732,2.566781466,0,18.77525149,5.124755349,97.62968304,98.11783146,72.3811376,119.2855865,77.45817303,26.43879347,34.78788614
261.5628385,54.59733855,40.29190714,17.50110567,2.791973978,0,20.42246848,5.574367653,139.8589182,140.5582128,128.9951777,222.8265412,144.6925592,37.34145083,49.13348794
263.2020632,54.93950223,40.54441811,17.61078579,2.809471389,0,20.5504569,5.609302435,260.1353931,261.4360701,194.6576071,232.3136416,150.853014,54.43056535,71.61916493
266.3759501,55.60200376,41.03333297,17.82314979,2.843350093,0,20.79826965,5.676943592,133.7166703,134.3852536,156.3654685,334.0390316,216.9084621,79.61791219,104.7604108
644.0912322,134.4444313,99.21770333,43.0959871,6.875158452,0,50.28976197,13.72672567,570.3693867,573.2212336,130.4850912,839.0825358,544.8587895,140.8244139,185.2952814
631.8853734,131.8966404,97.33747703,42.27929607,6.744870677,0,49.33674522,13.46659719,513.5983943,516.1663862,270.6356405,819.039269,531.8436812,223.9375345,294.6546506
653.3167417,136.3701187,100.6388279,43.71326369,6.973633382,0,51.01007712,13.92333763,555.3131819,558.0897478,226.3046909,1026.482326,666.5469647,237.1993235,312.1043731
643.7359803,134.3702777,99.16297928,43.07221728,6.871366421,0,50.26202438,13.71915462,506.8808555,509.4152597,313.4441043,1051.542059,682.8195191,256.9766779,338.1272078
650.1363601,135.7062615,100.1489126,43.50046514,6.939685354,0,50.76175728,13.85555806,541.0066221,543.7116552,328.3125759,1040.345418,675.548973,253.0626355,332.9771519
647.5541267,135.1672588,99.75113776,43.32768853,6.912122079,0,50.56014003,13.80052609,692.0860577,695.5464879,317.3039532,1097.451749,712.6310061,269.1237287,354.1101694
636.83552,132.9299096,98.10001214,42.61050917,6.797709531,0,49.72324589,13.57209359,704.9920748,708.5170351,352.7984189,1106.251584,718.3451844,270.3554592,355.7308673
625.4849936,130.5606567,96.35154374,41.85104822,6.676551744,0,48.83701232,13.33019375,708.8862992,712.4307306,345.0879263,1107.990534,719.474373,273.1464304,359.4031979
630.1240512,131.5289907,97.06615779,42.16144643,6.726069972,0,49.19922359,13.42906029,677.7056835,681.0942119,346.1084748,1090.389081,708.0448581,268.6572106,353.4963298
643.6742821,134.3573991,99.15347511,43.06808907,6.870707842,0,50.25720707,13.71783973,637.2393035,640.4255,314.9682856,1074.71685,697.8680847,257.8923625,339.332056
636.6036646,132.8815133,98.06429644,42.59499578,6.795234659,0,49.70514293,13.56715234,642.0796394,645.2900375,300.9354401,1074.152644,697.5017168,252.7023954,332.5031519
597.6045364,124.7410273,92.0567563,39.98557363,6.378950176,0,46.66014437,12.7360118,632.5344513,635.6971236,294.7792554,1014.334589,658.6588238,252.630429,332.4084593
564.7239245,117.8776904,86.99173037,37.78553992,6.027975958,0,44.0928712,12.03526768,542.3448942,545.0566187,288.9097022,1025.388873,665.8369304,237.0632183,311.9252873
596.6985465,124.5519155,91.91719497,39.92495408,6.369279459,0,46.58940593,12.71670355,588.0851411,591.0255668,277.0830059,1023.563411,664.6515656,239.004372,314.4794369
642.5786513,134.1287026,98.98470094,42.99478069,6.859012861,0,50.17166172,13.69448989,547.3754312,550.1123083,287.1130943,976.7770419,634.2708065,223.2808509,293.7905933
687.4150818,143.4876382,105.8914362,45.9947753,7.337605875,0,53.67242885,14.65003369,386.2379694,388.1691593,257.0724821,733.9413361,476.5852832,174.2931382,229.3330766
718.8974169,150.0591058,110.7410675,48.10125066,7.673654607,0,56.13052649,15.32097805,291.4679075,292.925247,206.1094808,468.4538727,304.1908264,117.5696102,154.6968555
732.3619196,152.8696198,112.815179,49.00215725,7.817377399,0,57.18181644,15.60793046,163.815465,164.6345423,136.5855718,285.2412574,185.2215957,76.18926416,100.2490318
732.6859977,152.9372662,112.865101,49.02384124,7.820836673,0,57.20712002,15.61483714,137.3103476,137.9968993,89.83796238,175.4434487,113.9243174,48.08155175,63.26519967
732.5645496,152.9119157,112.8463928,49.01571517,7.819540312,0,57.19763752,15.61224887,133.079474,133.7448713,67.31585026,121.314125,78.77540588,30.83775337,40.57599128
726.5311119,151.6525257,111.9169843,48.61201933,7.755138193,0,56.72655496,15.48366562,117.8465438,118.4357765,73.47367645,5.726884848,3.718756395,9.015104439,11.86197953
713.1399976,148.8573304,109.8541778,47.71602314,7.612198764,0,55.68099507,15.19827724,89.34468269,89.7914061,47.11959959,0,0,14.33010679,18.85540367
704.6425273,147.0836103,108.5452025,47.14745948,7.521495069,0,55.01752422,15.01718109,71.20267691,71.55869029,3.982463483,0,0,16.83431995,22.15042099
701.9661229,146.5249509,108.1329213,46.96838191,7.492926594,0,54.80855423,14.96014216,35.31466665,35.49123998,0,0,0,32.41472672,42.65095622
11.13036119,2.323296771,1.714553497,0.74472975,0.118807698,0,0.86904337,0.237207723,86.29750013,86.72898763,94.03266906,159.1198057,103.3245492,6.453648739,8.491643078
10.04252393,2.096226979,1.546979853,0.671942824,0.107195906,0,0.784106525,0.214023983,102.2265708,102.7377037,131.3752198,124.3659707,80.75712384,4.746313637,6.245149523
7.288834382,1.521435387,1.122793435,0.487694129,0.077802474,0,0.569102214,0.155337979,92.04890729,92.50915182,111.5907955,31.46351739,20.43085545,0,0
7.864251585,1.641545139,1.21143239,0.526195154,0.083944592,0,0.614030001,0.167601139,66.17833614,66.50922782,55.34221172,10.32273036,6.70307166,0,0
12.93454741,2.699893715,1.992475636,0.865447409,0.138065942,0,1.009911761,0.275658129,33.8101727,33.97922356,36.49853468,0.271442487,0.176261355,0,0
21.23328444,4.432131207,3.270837439,1.420713878,0.226648319,0,1.657865791,0.452518923,18.53229807,18.62495956,35.18121065,0,0,0,0
23.2797174,4.859293544,3.586075977,1.557640208,0.248492353,0,1.817648476,0.496132036,11.53388232,11.59155173,30.481731,0,0,0,0
15.61030234,3.258417621,2.404656778,1.044481519,0.166627485,0,1.218831044,0.332683209,8.658432225,8.701724386,17.06585526,0,0,0.290215557,0.381862575
7.715526371,1.610500971,1.188522321,0.516243986,0.082357069,0,0.60241774,0.164431541,0.29421126,0.295682316,22.05291062,0,0,0,0
9.197582868,1.919858144,1.416822653,0.615408024,0.098176836,0,0.718134683,0.196016792,41.95467621,42.16444959,35.14481843,6.469109123,4.20072021,6.904730973,9.085172333
12.29223633,2.565820865,1.893532153,0.822470532,0.131209786,0,0.959760991,0.261969342,1.81505421,1.824129481,25.8562535,15.03408247,9.762391215,3.462688098,4.55616855
17.75610193,3.706321258,2.735202043,1.188056446,0.189532178,0,1.38637214,0.378414001,45.60088455,45.82888897,25.56525528,0.978097082,0.635127975,0.522712475,0.687779573
20.51498712,4.282197363,3.160188812,1.37265278,0.21898107,0,1.60178212,0.437210734,14.60181578,14.67482485,48.16215277,0,0,4.024135869,5.294915618
32.66888952,6.819143084,5.0324116,2.185867422,0.348714251,0,2.550742186,0.696231934,8.02402137,8.064141477,28.4502393,12.37605776,8.03640114,9.048636393,11.90610052
42.88936414,8.952514614,6.606803501,2.869716884,0.457809639,0,3.348742858,0.914048362,18.41841014,18.51050219,20.60733409,9.3124182,6.047024805,2.925295119,3.849072525
57.52808168,12.00812841,8.861794504,3.849189901,0.614066233,0,4.49171389,1.226025377,0,0,7.178146538,0.871882635,0.566157555,0,0
58.571756,12.22597984,9.022565158,3.919021895,0.625206622,0,4.573202553,1.248267926,0,0,3.66290442,0,0,0,0
78.90034951,16.46927032,12.15404135,5.279203124,0.842198089,0,6.160431314,1.681506282,13.74190898,13.81061852,3.889465268,0,0,0,0
133.806581,27.93012664,20.61195836,8.952965671,1.42827817,0,10.44743473,2.851655386,7.59080304,7.628757055,4.136716643,0,0,0,0
221.4434003,46.22300463,34.11179115,14.81672385,2.363731082,0,17.28999765,4.719351322,0,0,0,0,0,0,0
272.3931515,56.85800473,41.96024032,18.22575927,2.907578902,0,21.26808449,5.805180817,0,0,0,0,0,0,0
283.8852591,59.25681068,43.73051831,18.99469338,3.030247954,0,22.16537253,6.050097998,0,0,0,0,0,10.12707732,13.32510174
277.5667107,57.93790799,42.75719056,18.57192085,2.962802506,0,21.67202892,5.915438532,0,0,0,0,0,1.131041589,1.488212618
295.2104569,61.62077667,45.47508499,19.7524596,3.151135376,0,23.04962847,6.291458033,0,0,1.200312765,0,0,0,0